Track name,Artist name,Album,Playlist name,Type,ISRC
Time,Tom Waits,Rain Dogs,Favorite Songs,Favorite,USIR28500399
Through The Dark,Alexi Murdoch,Towards The Sun,Favorite Songs,Favorite,DED621000529
A Slow Parade,A.A. Bondy,When the Devil's Loose,Favorite Songs,Favorite,USFP70919803
Kiss,Scout Niblett,This Fool Can Die Now,Favorite Songs,Favorite,GBBNZ0700042
Keep Me in Your Heart,Warren Zevon,The Wind,Favorite Songs,Favorite,USAR50311099
Happiness,Grant Lee Buffalo,Mighty Joe Moon,Favorite Songs,Favorite,GBANC9400042
Hallelujah,Jeff Buckley,Grace,Favorite Songs,Favorite,USSM19400915
Stranger In A Strange Land,Leon Russell,Leon Russell And The Shelter People (Bonus Tracks),Favorite Songs,Favorite,USSH48900002
Colors,Amos Lee,Amos Lee,Favorite Songs,Favorite,USBN20400573
Summer's End,John Prine,The Tree of Forgiveness,Favorite Songs,Favorite,USA2A1804604
If We Have Each Other,Alec Benjamin,Narrated For You,Favorite Songs,Favorite,USAT21804357
Pain in My Heart,Otis Redding,Soul Manifesto: 1964-1970,Favorite Songs,Favorite,USAT10000010
Orange Sky,Alexi Murdoch,Four Songs,Favorite Songs,Favorite,US4B80400002
Lost Song,Ólafur Arnalds,Found Songs,Favorite Songs,Favorite,GBWZD0901705
So Far,Ólafur Arnalds,Broadchurch (Music From The Original TV Series),Favorite Songs,Favorite,GBUM71406782
Cigarette Daydreams,Cage The Elephant,Melophobia,Favorite Songs,Favorite,USRC11301169
Euphoria,Motopony,Motopony,Favorite Songs,Favorite,USW3R1000028
A Soft Place To Land,Kathleen Edwards,Voyageur,Favorite Songs,Favorite,USZO11114503
Black Moon,Wilco,The Whole Love (Deluxe Edition),Favorite Songs,Favorite,USEP41120006
Be the Song,Foy Vance,Be the Song,Favorite Songs,Favorite,TCABD1264943
Simply Human,Morgan Taylor Reid,Simply Human,Favorite Songs,Favorite,USTCG1094902
Waking Life,Schuyler Fisk,Waking Life - Single,Favorite Songs,Favorite,USXAN1000026
Re: Stacks,Bon Iver,"For Emma, Forever Ago",Favorite Songs,Favorite,US38Y0811509
Holocene,Bon Iver,Bon Iver,Favorite Songs,Favorite,US38Y1113503
Passing Afternoon,Iron & Wine,Our Endless Numbered Days,Favorite Songs,Favorite,USSUB0400105
Heaven,Avicii,TIM,Favorite Songs,Favorite,SE5R71900203
Wake Me Up,Avicii,True,Favorite Songs,Favorite,SEUM71301326
The Nights,Avicii,The Days / Nights,Favorite Songs,Favorite,CH3131340464
SOS (feat. Aloe Blacc),Avicii,TIM,Favorite Songs,Favorite,SE5R71900201
Without You (feat. Sandro Cavazza),Avicii,AVĪCI (01),Favorite Songs,Favorite,SE5R71700101
Pale Blue Eyes,The Velvet Underground,The Velvet Underground (45th Anniversary / Deluxe Edition),Favorite Songs,Favorite,USPR36909016
Thank You for the Offer,Chip Taylor,In Sympathy of a Heartbreak,Favorite Songs,Favorite,USYVC1907306
Come Home Safe,Trent Dabbs,Come Home Safe,Favorite Songs,Favorite,TCADJ1764319
when the party's over,Billie Eilish,"WHEN WE ALL FALL ASLEEP, WHERE DO WE GO?",Favorite Songs,Favorite,USUM71815958
bad guy,Billie Eilish,"WHEN WE ALL FALL ASLEEP, WHERE DO WE GO?",Favorite Songs,Favorite,USUM71900764
everything i wanted,Billie Eilish,everything i wanted,Favorite Songs,Favorite,USUM71922577
No Time To Die,Billie Eilish,No Time To Die,Favorite Songs,Favorite,USUM72002771
Bashed Out,This Is The Kit,Bashed Out,Favorite Songs,Favorite,UST841504405
Shotgun,George Ezra,Staying at Tamara's,Favorite Songs,Favorite,GBARL1701372
5AM,Amber Run,5AM (Expanded Edition),Favorite Songs,Favorite,GBARL1400312
Cigarettes On Patios,BabyJake,Cigarettes On Patios,Favorite Songs,Favorite,USUM71904051
Way She Sings,Ade Mai,Way She Sings,Favorite Songs,Favorite,GBMA21913547
Lost Boy,Ruth B.,Lost Boy,Favorite Songs,Favorite,USSM11506787
Hey Brother,Avicii,True,Favorite Songs,Favorite,CH3131340084
Waiting For Love,Avicii,Stories,Favorite Songs,Favorite,CHB701400134
For A Better Day,Avicii,Stories,Favorite Songs,Favorite,CHB701400189
Lonely Together (feat. Rita Ora),Avicii,AVĪCI (01),Favorite Songs,Favorite,SE5R71700108
What Would I Change It To (feat. Aluna),Avicii,AVĪCI (01),Favorite Songs,Favorite,SE5R71700105
Feeling Good,Nina Simone,I Put A Spell On You,Favorite Songs,Favorite,USPR36500094
Father And Son,Yusuf / Cat Stevens,Tea for the Tillerman,Favorite Songs,Favorite,GBAAN7000042
Burning Memories,Cristóvam,Burning Memories,Favorite Songs,Favorite,ushm21972808
Wonderwall,Ryan Adams,Love Is Hell,Favorite Songs,Favorite,USMR10300309
Spirit Cold,Tall Heights,Neptune,Favorite Songs,Favorite,USQX91601335
The Wolves (Act I and II),Bon Iver,"For Emma, Forever Ago",Favorite Songs,Favorite,US38Y0811504
The Wolves,Ben Howard,Every Kingdom,Favorite Songs,Favorite,GBUM71106249
Thoughts,Michael Schulte,The Arising,Favorite Songs,Favorite,DEPT21400004
One Man Town,Elmore,One Man Town,Favorite Songs,Favorite,TCADY1810631
Willow Tree March,The Paper Kites,Woodland,Favorite Songs,Favorite,TCAAY1166507
High Hopes,Kodaline,In A Perfect World (Expanded Edition),Favorite Songs,Favorite,GBDVX1200014
All I Want,Kodaline,In A Perfect World (Expanded Edition),Favorite Songs,Favorite,GBDVX1200008
What A Wonderful World,Louis Armstrong,What A Wonderful World,Favorite Songs,Favorite,USMC16758823
Waiting On An Angel,Ben Harper,By My Side (Retrospective),Favorite Songs,Favorite,USVI29400011
Tired of Being Alone,Al Green,Gets Next To You,Favorite Songs,Favorite,US2HK0914104
"Take Me Home, Country Roads - Original Version",John Denver,"Poems, Prayers and Promises",Favorite Songs,Favorite,USRC11100481
Firestone,Kygo,Cloud Nine,Favorite Songs,Favorite,SEBGA1400887
Stay (feat. Maty Noyes),Kygo,Stay (feat. Maty Noyes),Favorite Songs,Favorite,SEBGA1500364
Some Devil,Dave Matthews,Some Devil,Favorite Songs,Favorite,USRC10301316
The Show,Lenka,Lenka (Expanded Edition),Favorite Songs,Favorite,USSM10802201
Desire,Ryan Adams,Demolition,Favorite Songs,Favorite,USMR10200276
Night,Bill Callahan,Woke On A Whaleheart,Favorite Songs,Favorite,US58L0733208
Catch & Release - Deepend Remix,Matt Simons,When The Lights Go Down,Favorite Songs,Favorite,NLE3T1400013
Catch & Release,Matt Simons,Catch & Release,Favorite Songs,Favorite,NLE3T1400002
Let Her Go,Passenger,All The Little Lights,Favorite Songs,Favorite,GBMQN1100004
Just Breathe,Pearl Jam,Backspacer,Favorite Songs,Favorite,USA320900005
Hurt,Johnny Cash,American IV: The Man Comes Around,Favorite Songs,Favorite,USDJ20200650
Fade Into You,Mazzy Star,So Tonight That I Might See,Favorite Songs,Favorite,USCA29300105
Into Dust,Mazzy Star,So Tonight That I Might See,Favorite Songs,Favorite,USCA29300475
Good Book,Ezra Furman,Sex Education Original Soundtrack,Favorite Songs,Favorite,GBBRP1651002
Could It Be Another Change,The Samples,The Samples,Favorite Songs,Favorite,USA6B9300304
Asleep - 2011 Remaster,The Smiths,Louder Than Bombs,Favorite Songs,Favorite,GBCRL1100079
Come and Find Me,Josh Ritter,Golden Age Of Radio,Favorite Songs,Favorite,USTC40881787
All The Faces,Creed Bratton,Coarsegold,Favorite Songs,Favorite,usx9p0679365
I'm So Lonesome I Could Cry - Single Version,Hank Williams,The Complete Hank Williams,Favorite Songs,Favorite,USPR34900126
Rivers And Roads,The Head And The Heart,The Head And The Heart,Favorite Songs,Favorite,GBUM71101813
Good Days,Joe Purdy,Take My Blanket and Go,Favorite Songs,Favorite,usx9p0730945
Yesterday Was Hard On All Of Us,Fink,Perfect Darkness,Favorite Songs,Favorite,GBCFB1102102
Looking Too Closely,Fink,Hard Believer,Favorite Songs,Favorite,GBCFB1400808
Wait for Me,Motopony,Motopony,Favorite Songs,Favorite,USW3R1000029
Creatures - Acoustic,Shannon Saunders,Creatures (Acoustic),Favorite Songs,Favorite,US23A1500545
If Only,Fink,Distance and Time,Favorite Songs,Favorite,GBCFB0700802
All of Me,John Legend,Love In The Future (Expanded Edition),Favorite Songs,Favorite,USSM11303954
About Today,The National,Cherry Tree,Favorite Songs,Favorite,USI4R0508291
Promise,Ben Howard,Every Kingdom,Favorite Songs,Favorite,GBUM71106371
The Wisp Sings,Winter Aid,The Wisp Sings,Favorite Songs,Favorite,IEJIQ1300001
The Scientist,Coldplay,A Rush of Blood to the Head,Favorite Songs,Favorite,GBAYE0200772
Fix You,Coldplay,X&Y,Favorite Songs,Favorite,GBAYE0500605
Viva La Vida,Coldplay,Viva La Vida or Death and All His Friends,Favorite Songs,Favorite,GBAYE0800265
Talk To Myself,Avicii,Stories,Favorite Songs,Favorite,CHB701400192
Broken Arrows,Avicii,Stories,Favorite Songs,Favorite,CHB701400188
Trouble,Avicii,Stories,Favorite Songs,Favorite,CHB701400203
Hymn for the Weekend,Coldplay,A Head Full of Dreams,Favorite Songs,Favorite,GBAYE1500979
Adventure of a Lifetime,Coldplay,A Head Full of Dreams,Favorite Songs,Favorite,GBAYE1500981
Up&Up,Coldplay,A Head Full of Dreams,Favorite Songs,Favorite,GBAYE1500987
Buckskin Stallion Blues,Amy Annelle,"Three Billboards Outside Ebbing, Missouri (Original Motion Picture Soundtrack)",Favorite Songs,Favorite,USCXG1200240
Stay Alive,José González,Stay Alive (From The Secret Life Of Walter Mitty),Favorite Songs,Favorite,USFM91300095
Little Giant,Roo Panes,Little Giant,Favorite Songs,Favorite,GB5UQ1400015
Flume,Bon Iver,"For Emma, Forever Ago",Favorite Songs,Favorite,US38Y0811501
Stay With Me,NO,"Bands Under the Radar, Vol. 8: Songs About Love & Seduction",Favorite Songs,Favorite,TCADJ1716209
Normal Song,Perfume Genius,Put Your Back N 2 It,Favorite Songs,Favorite,GB7TY1102002
Love & Hate,Michael Kiwanuka,Love & Hate,Favorite Songs,Favorite,GBUM71600930
His Master's Voice,Monsters Of Folk,"Three Billboards Outside Ebbing, Missouri (Original Motion Picture Soundtrack)",Favorite Songs,Favorite,USM880900090
Stay Alive,José González,The Secret Life Of Walter Mitty (Music From And Inspired By The Motion Picture),Favorite Songs,Favorite,USFM91300095
lovely (with Khalid),Billie Eilish,lovely (with Khalid),Favorite Songs,Favorite,USUM71804190
ocean eyes,Billie Eilish,dont smile at me,Favorite Songs,Favorite,US23A1500056
Something Just Like This,The Chainsmokers,Memories...Do Not Open,Favorite Songs,Favorite,USQX91700278
A Sky Full of Stars,Coldplay,Ghost Stories,Favorite Songs,Favorite,GBAYE1400217
I Need My Girl,The National,Trouble Will Find Me,Favorite Songs,Favorite,GBAFL1300064
How You Like Me Now? - Raffertie Remix,The Heavy,How You Like Me Now? (Raffertie Remix),Favorite Songs,Favorite,GBCFB1403001
Way down We Go,KALEO,A/B,Favorite Songs,Favorite,USAT21502122
Kids in Love (feat. The Night Game),Kygo,Kids in Love,Favorite Songs,Favorite,SEBGA1700442
I See You (feat. Billy Raffoul),Kygo,Kids in Love,Favorite Songs,Favorite,SEBGA1700448
Never Let You Go (feat. John Newman),Kygo,Kids in Love,Favorite Songs,Favorite,SEBGA1700443
Thread of Clouds,Blue Dot Sessions,Migration,Favorite Songs,Favorite,ushm81825700
Restless Wind,Passenger,"Sometimes It's Something, Sometimes It's Nothing at All",Favorite Songs,Favorite,GBMQN1500032
"Sometimes It's Something, Sometimes It's Nothing at All",Passenger,"Sometimes It's Something, Sometimes It's Nothing at All",Favorite Songs,Favorite,GBMQN1900001
Rosie,Passenger,"Sometimes It's Something, Sometimes It's Nothing at All",Favorite Songs,Favorite,GBMQN1900002
Heart's on Fire,Passenger,Whispers,Favorite Songs,Favorite,GBMQN1400003
Let Me Dream a While,Passenger,"Sometimes It's Something, Sometimes It's Nothing at All",Favorite Songs,Favorite,GBMQ17000037
"always, i'll care",Jeremy Zucker,love is not dying,Favorite Songs,Favorite,USUM72001551
Mr. Tambourine Man,Bob Dylan,Bringing It All Back Home,Favorite Songs,Favorite,USSM19922515
Blame It on Me,George Ezra,Wanted on Voyage (Expanded Edition),Favorite Songs,Favorite,GBARL1400476
Theme from Blinking Lights,Eels,Blinking Lights and Other Revelations,Favorite Songs,Favorite,USVR90540601
Grey Lynn Park,The Veils,Troubles of the Brain - EP,Favorite Songs,Favorite,GBQ5P1000005
Love Doesn't Last Too Long,The Weepies,Say I Am You,Favorite Songs,Favorite,CAN110501056
Dancing in the Moonlight (Its Caught Me in Its Spotlight) - Recorded at Spotify Studios NYC,alt-J,Spotify Singles,Favorite Songs,Favorite,GB5KW1702265
Every Teardrop Is a Waterfall,Coldplay,Mylo Xyloto,Favorite Songs,Favorite,GBAYE1101193
Heroes (we could be),Alesso,Forever (Deluxe),Favorite Songs,Favorite,USUM71411636
I Won't Give Up,Jason Mraz,Love Is a Four Letter Word (Deluxe Edition),Favorite Songs,Favorite,USEE11100768
Roses (feat. ROZES),The Chainsmokers,The Chainsmokers- Japan Special Edition,Favorite Songs,Favorite,USQX91500801
Counting Stars,OneRepublic,Native,Favorite Songs,Favorite,USUM71301306
Thinking out Loud,Ed Sheeran,x (Wembley Edition),Favorite Songs,Favorite,GBAHS1400099
The Days,Avicii,The Days / Nights,Favorite Songs,Favorite,CH3131340471
Youth,Daughter,If You Leave,Favorite Songs,Favorite,USYAH1300029
Yeh Pal,Prateek Kuhad,Raat Raazi,Favorite Songs,Favorite,INO131300070
No Lie,Sean Paul,Mad Love The Prequel,Favorite Songs,Favorite,GBUM71604557
Rather Be (feat. Jess Glynne),Clean Bandit,New Eyes,Favorite Songs,Favorite,GBAHS1300498
Stay With Me,Sam Smith,In The Lonely Hour (Japanese Edition),Favorite Songs,Favorite,GBUM71308833
Holding On,Prateek Kuhad,In Tokens & Charms,Favorite Songs,Favorite,usx9p1400902
Wake Me Up,Avicii,True,Favorite Songs,Favorite,SEUM71301326
Oh Love,Prateek Kuhad,In Tokens & Charms,Favorite Songs,Favorite,usx9p1400901
Lay Me Down,Sam Smith,In The Lonely Hour (Drowning Shadows Edition),Favorite Songs,Favorite,GBUM71500850
What Is Love,Dhruv Kapoor,What Is Love,Favorite Songs,Favorite,QZK6F2044653
Baarishein,Anuv Jain,Baarishein,Favorite Songs,Favorite,TCADK1712757
Alag Aasmaan,Anuv Jain,Alag Aasmaan,Favorite Songs,Favorite,TCAEZ2083117
All My Tears,Ane Brun,Rarities,Favorite Songs,Favorite,SEVVQ1300303
To Bring You My Love,PJ Harvey,To Bring You My Love,Favorite Songs,Favorite,GBAAN9500033
Toxic,AP Dhillon,Toxic,Favorite Songs,Favorite,QZMEN2023463
Takeover,AP Dhillon,Not by Chance,Favorite Songs,Favorite,QZNWU2031534
Foreigns,AP Dhillon,Foreigns,Favorite Songs,Favorite,QZNWU2031537
Tu Aake Dekhle,King,The Carnival,Favorite Songs,Favorite,FRX762050882
Blinding Lights,The Weeknd,After Hours,Favorite Songs,Favorite,USUG11904206
Riha,Anuv Jain,Riha,Favorite Songs,Favorite,TCAEI1938061
Home,Edith Whiskers,Stop Stealing The Covers!,Favorite Songs,Favorite,GBVHN2000009
I'll be With You,Johnny Lloyd,Raw Acoustic,Favorite Songs,Favorite,GBFPN1848104
Dusk Till Dawn (feat. Sia) - Radio Edit,ZAYN,Dusk Till Dawn (feat. Sia) [Radio Edit],Favorite Songs,Favorite,USRC11702155
Stayin' Alive,Bee Gees,Staying Alive (Original Motion Picture Soundtrack),Favorite Songs,Favorite,GBA077700130
Kahin To,Rashid Ali,Jaane Tu... Ya Jaane Na,Favorite Songs,Favorite,INS180804914
I Don't Care (with Justin Bieber),Ed Sheeran & Justin Bieber,No.6 Collaborations Project,Favorite Songs,Favorite,GBAHS1900672
"Agar Tum Saath Ho (From ""Tamasha"")",Alka Yagnik,Loveholic Arijit Singh,Favorite Songs,Favorite,INS181501796
Blame (feat. John Newman),Calvin Harris,Motion,Favorite Songs,Favorite,GBARL1400567
Jealous,Labrinth,Jealous,Favorite Songs,Favorite,GBHMU1400291
When I Was Your Man,Bruno Mars,Unorthodox Jukebox,Favorite Songs,Favorite,USAT21207280
State Of The Art (A.E.I.O.U.),Jim James,Regions of Light and Sound of God,Favorite Songs,Favorite,GBUM71207332
Chaiyya Chaiyya,Sukhwinder Singh,Dil Se (Original Motion Picture Soundtrack),Favorite Songs,Favorite,INV119800029
Kabhi Kabhi Aditi,Rashid Ali,Jaane Tu... Ya Jaane Na,Favorite Songs,Favorite,INS180804909
Pran,Ritviz,Pran,Favorite Songs,Favorite,TCAFL2176915
Levels - Radio Edit,Avicii,Levels,Favorite Songs,Favorite,SEUM71100962
Everglow,Coldplay,A Head Full of Dreams,Favorite Songs,Favorite,GBAYE1500980
Happier,Ed Sheeran,÷ (Deluxe),Favorite Songs,Favorite,GBAHS1700028
Paradise,Coldplay,Mylo Xyloto,Favorite Songs,Favorite,GBAYE1101143
Demons,Imagine Dragons,Night Visions,Favorite Songs,Favorite,USUM71201071
Believer,Imagine Dragons,Evolve,Favorite Songs,Favorite,USUM71700626
Thunder,Imagine Dragons,Evolve,Favorite Songs,Favorite,USUM71704167
Radioactive,Imagine Dragons,Night Visions,Favorite Songs,Favorite,USUM71201074
"Sucker for Pain (with Wiz Khalifa, Imagine Dragons, Logic & Ty Dolla $ign feat. X Ambassadors)",Lil Wayne,Sucker for Pain (with Logic & Ty Dolla $ign feat. X Ambassadors),Favorite Songs,Favorite,USAT21601893
,,,Favorite Songs,Favorite,
Kasoor,Prateek Kuhad,Kasoor,Favorite Songs,Favorite,FRX202024247
cold/mess,Prateek Kuhad,cold/mess,Favorite Songs,Favorite,USAT22006215
Tum Jab Paas,Prateek Kuhad,Tum Jab Paas - Single,Favorite Songs,Favorite,QM4TX1796334
Tune Kaha,Prateek Kuhad,Tune Kaha,Favorite Songs,Favorite,uscgh1647832
Saansein,Prateek Kuhad,Karwaan,Favorite Songs,Favorite,INS181801626
"Dil Beparvah - The Dewarists, Season 5",Ankur Tewari,"Dil Beparvah (The Dewarists, Season 5)",Favorite Songs,Favorite,FR10S1773710
Kadam,Prateek Kuhad,Karwaan,Favorite Songs,Favorite,INS181801629
cold/mess (on piano),Prateek Kuhad,cold/mess (on piano),Favorite Songs,Favorite,USAT22100299
Cold Shoulders,Prateek Kuhad,In Tokens & Charms (Deluxe Edition),Favorite Songs,Favorite,USX9P1400909
Chammak Challo,Akon,Ra-One,Favorite Songs,Favorite,INS181103370
Raat Raazi,Prateek Kuhad,Raat Raazi,Favorite Songs,Favorite,INO131300067
Kaise Mujhe,Benny Dayal,Ghajini,Favorite Songs,Favorite,INS180809766
Tum Se Hi,Pritam,Jab We Met,Favorite Songs,Favorite,INS180705982
Tumse Milke Dil Ka,Sonu Nigam,Main Hoon Na,Favorite Songs,Favorite,INS180461118
Delicate,Damien Rice,O,Favorite Songs,Favorite,IEABD0000001
Hit The Ground,Lizz Wright,Dreaming Wide Awake,Favorite Songs,Favorite,USGR10500426
rainy day lament,Joe Purdy,StompinGrounds,Favorite Songs,Favorite,ushm20573777
Ain't No Sunshine,Bill Withers,Just As I Am,Favorite Songs,Favorite,USSM10000372
It Ain't Me (with Selena Gomez),Kygo,It Ain't Me (with Selena Gomez),Favorite Songs,Favorite,SEBGA1700015
Ain't No Reason,Brett Dennen,So Much More (Special Edition),Favorite Songs,Favorite,USDMG0624001
We're Going to Be Friends,The White Stripes,White Blood Cells,Favorite Songs,Favorite,GBBKS0100357
Shehron Ke Raaz,Prateek Kuhad,Shehron Ke Raaz,Favorite Songs,Favorite,USAT22102178
Almost (Sweet Music),Hozier,"Wasteland, Baby!",Favorite Songs,Favorite,IEACJ1800127
We'll Meet Again,Johnny Cash,American IV: The Man Comes Around,Favorite Songs,Favorite,USDJ20200642
Brown Munde,AP Dhillon,Brown Munde,Favorite Songs,Favorite,TCAFC2063050
The Business,Tiësto,The Business,Favorite Songs,Favorite,CYA112000624
Happier Than Ever,Billie Eilish,Happier Than Ever,Favorite Songs,Favorite,USUM72105936
Titanium (feat. Sia),David Guetta,Nothing but the Beat (Ultimate Edition),Favorite Songs,Favorite,GB28K1100036
"Cold, Cold World",Blaze Foley & the Beaver Valley Boys,"Cold, Cold World",Favorite Songs,Favorite,uszpl0619001
"Cold, Cold World",Blaze Foley,Sittin' by the Road,Favorite Songs,Favorite,USZPL1020007
Sultan,Vishal-Shekhar,Sultan,Favorite Songs,Favorite,INY091600052
Lean On,Major Lazer,Peace Is The Mission (Extended),Favorite Songs,Favorite,QMUY41500008
Going Home,Charlie Haden,Come Sunday,Favorite Songs,Favorite,GBUM71110836
Death,White Lies,To Lose My Life ...,Favorite Songs,Favorite,GBUM70811880
You're Somebody Else,flora cash,You're Somebody Else,Favorite Songs,Favorite,SEXCG1700102
Cold Water,Major Lazer,Major Lazer Essentials,Favorite Songs,Favorite,QMUY41600027
Don't You Worry Child - Radio Edit,Swedish House Mafia,Don't You Worry Child,Favorite Songs,Favorite,GBAAA1200728
Helplessly Lost,Passenger,"Sometimes It's Something, Sometimes It's Nothing at All",Favorite Songs,Favorite,GBMQN1900004
Maahi Ve,A.R. Rahman,Highway,Favorite Songs,Favorite,INS181400105
Roobaroo,A.R. Rahman,Rang De Basanti (Original Motion Picture Soundtrack),Favorite Songs,Favorite,INS170500265
Raabta,Pritam,Agent Vinod,Favorite Songs,Favorite,INS181200529
Saibo,Sachin-Jigar,Shor in the City (Original Motion Picture Soundtrack),Favorite Songs,Favorite,INS171100070
Dil To Bachcha Hai,Rahat Fateh Ali Khan,Ishqiya,Favorite Songs,Favorite,INS180907603
Aaftaab,The Local Train,Vaaqif,Favorite Songs,Favorite,INO131603085
"Paper Cut, Chinese Burn",Passenger,"Sometimes It's Something, Sometimes It's Nothing at All",Favorite Songs,Favorite,GBMQN1900005
Where the Lights Hang Low,Passenger,"Sometimes It's Something, Sometimes It's Nothing at All",Favorite Songs,Favorite,GBMQN1900006
Let It Go,James Bay,Chaos And The Calm,Favorite Songs,Favorite,USUM71405265
You Are The Reason,Calum Scott,Only Human (Deluxe),Favorite Songs,Favorite,USUM71710315
Wish You Were Here,Pink Floyd,Wish You Were Here,Favorite Songs,Favorite,GBN9Y1100088
Sword from the Stone,Passenger,Songs for the Drunk and Broken Hearted (Deluxe),Favorite Songs,Favorite,GBMQN2000070
,,,Favorite Songs,Favorite,
Found,Jacob Banks,For My Friends,Favorite Songs,Favorite,USUM72102263
Water Fountain,Alec Benjamin,Narrated For You,Favorite Songs,Favorite,USAT21811720
Moral of the Story,Ashe,Moral of the Story,Favorite Songs,Favorite,USQE91500820
It Will Rain,Bruno Mars,It Will Rain,Favorite Songs,Favorite,USAT21102075
Saada Pyaar,AP Dhillon,Not by Chance,Favorite Songs,Favorite,QZNWU2031536
Insane,AP Dhillon,Insane,Favorite Songs,Favorite,TCAFN2107496
"Mileya Mileya (From ""Happy Ending)",Rekha Bhardwaj,Happy Ending (Original Motion Picture Soundtrack),Favorite Songs,Favorite,GBSGZ1400215
Fly Me To The Moon - 2008 Remastered,Frank Sinatra,Nothing But The Best (2008 Remastered),Favorite Songs,Favorite,USRH10723029
Arrogant,AP Dhillon,Arrogant,Favorite Songs,Favorite,QZK6N1995321
Pyramid Song,Radiohead,Amnesiac,Favorite Songs,Favorite,GBAYE0001578
"Ranjha (From ""Shershaah"")",Jasleen Royal,"Ranjha (From ""Shershaah"")",Favorite Songs,Favorite,INS172102719
Baaki Baatein Peene Baad (Shots) (feat. Badshah),Arjun Kanungo,Baaki Baatein Peene Baad (Shots) (feat. Badshah),Favorite Songs,Favorite,INS171501598
Pungi,Pritam,Agent Vinod,Favorite Songs,Favorite,INS181200520
Ma Belle,AP Dhillon,Ma Belle,Favorite Songs,Favorite,TCAFQ2183537
Lover,Diljit Dosanjh,MoonChild Era,Favorite Songs,Favorite,TCAFS2127322
Gul,Anuv Jain,Gul,Favorite Songs,Favorite,TCAFQ2183637
Feel So Close - Radio Edit,Calvin Harris,Feel So Close,Favorite Songs,Favorite,GBARL1100748
Khairiyat,Pritam,Chhichhore,Favorite Songs,Favorite,INS181904666
Sadi Gali,Lehmber Hussainpuri,Tanu Weds Manu,Favorite Songs,Favorite,INS181100248
Gal Mitthi Mitthi,Amit Trivedi,Aisha (Original Motion Picture Soundtrack),Favorite Songs,Favorite,INS171000197
"Bandook Meri Laila (feat. Raftaar, Sidharth Malhotra)",Ash King,A Gentleman,Favorite Songs,Favorite,INS181701573
Jugnu,Badshah,Jugnu,Favorite Songs,Favorite,INUM72100074
Udd Gaye,Ritviz,Ved,Favorite Songs,Favorite,FRX201782605
Na Ja,Pav Dharia,Na Ja,Favorite Songs,Favorite,INV111700211
Dildaara (Stand By Me),Shafqat Amanat Ali,Ra-One,Favorite Songs,Favorite,INS181103371
Pichle Saat Dinon Mein (Album Version),Farhan Akhtar,Rock On,Favorite Songs,Favorite,INS180908332
Nagada Nagada,Pritam,Jab We Met,Favorite Songs,Favorite,INS180705984
"Hey Mama (feat. Nicki Minaj, Bebe Rexha & Afrojack)",David Guetta,Listen,Favorite Songs,Favorite,GB28K1400058
Rolling in the Deep,Adele,21,Favorite Songs,Favorite,GBBKS1000335
Levitating,Dua Lipa,Future Nostalgia,Favorite Songs,Favorite,GBAHT1901299
Excuses,AP Dhillon,Excuses,Favorite Songs,Favorite,TCAFN2187787
DESIRES,AP Dhillon,HIDDEN GEMS,Favorite Songs,Favorite,TCAFX2133359
Yellow,Coldplay,Parachutes,Favorite Songs,Favorite,GBAYE0000267
Shayad,Pritam,Love Aaj Kal (Original Motion Picture Soundtrack),Favorite Songs,Favorite,INS172000162
Pope Is a Rockstar,SALES,SALES LP,Favorite Songs,Favorite,TCACN1687807
Tum Ho Meri Jaan,Dhruv Kapoor,Tum Ho Meri Jaan,Favorite Songs,Favorite,INO132102411
Loverboy,A-Wall,Loverboy,Favorite Songs,Favorite,QZFZ41979172
Come With Me,Surfaces,Pacifico,Favorite Songs,Favorite,QZJ842001019
Hookah Bar,Himesh Reshammiya,Khiladi 786,Favorite Songs,Favorite,INS181204580
Pain,Josh A,Fearless,Favorite Songs,Favorite,QZ4JJ1931907
Dead and Cold,SadBoyProlific,Dead and Cold,Favorite Songs,Favorite,QZES71818655
And So It Goes,Billy Joel,Storm Front,Favorite Songs,Favorite,USSM18900213
Old Town Road - Remix,Lil Nas X,7 EP,Favorite Songs,Favorite,USSM11902498
Fall in Love with You.,Montell Fish,Fall in Love with You.,Favorite Songs,Favorite,QZNWR2164926
"Doobey (From ""Gehraiyaan"")",OAFF,"Doobey (From ""Gehraiyaan"")",Favorite Songs,Favorite,INS172104567
Forever,Chris Brown,Forever,Favorite Songs,Favorite,USJI10800113
Desi Kalakaar,Yo Yo Honey Singh,Desi Kalakaar,Favorite Songs,Favorite,INS181402052
Faasle,Aditya Rikhari,Faasle,Favorite Songs,Favorite,FRX282191255
Har Ek Pal,Ashu Shukla,Har Ek Pal,Favorite Songs,Favorite,QZK6P2040205
,,,Favorite Songs,Favorite,
Majhail,AP Dhillon,Majhail,Favorite Songs,Favorite,UK5PD2000005
Don't Test,Gurinder Gill,Don't Test,Favorite Songs,Favorite,QZFZ72065071
WAR,AP Dhillon,HIDDEN GEMS,Favorite Songs,Favorite,TCAFX2133377
Maula Mere Maula,Roop Kumar Rathod,Anwar,Favorite Songs,Favorite,INH100629786
SPACESHIP,AP Dhillon,HIDDEN GEMS,Favorite Songs,Favorite,TCAFX2133371
Lucid Dreams,Juice WRLD,Goodbye & Good Riddance,Favorite Songs,Favorite,USUG11800685
All Girls Are The Same,Juice WRLD,Goodbye & Good Riddance,Favorite Songs,Favorite,USUG11800651
Hey Brother,Avicii,True,Favorite Songs,Favorite,CH3131340084
Ambarsariya,Sona Mohapatra,Fukrey,Favorite Songs,Favorite,INS181303807
Pal Behta Jaaye,Vismay Patel,Pal Behta Jaaye,Favorite Songs,Favorite,FR96X2086850
Rosyln,Bon Iver,The Twilight Saga: New Moon (Original Motion Picture Soundtrack) [Deluxe],Favorite Songs,Favorite,USAT20903243
Mauja Hi Mauja,Pritam,Jab We Met,Favorite Songs,Favorite,INS180705981
Mast Kalandar,Saleem Shahzada,Heyy Babyy,Favorite Songs,Favorite,INS180704095
Brown Rang,Yo Yo Honey Singh,International Villager,Favorite Songs,Favorite,INM431101193
double take,Dhruv,double take,Favorite Songs,Favorite,GBMJG1911043
Masakali,Mohit Chauhan,Delhi-6,Favorite Songs,Favorite,INS180900091
Somewhere Only We Know,Reneé Dominique,Somewhere Only We Know,Favorite Songs,Favorite,DEUM71901107
Rangi Saari,Kavita Seth,Rangi Saari,Favorite Songs,Favorite,FR2X42039557
No Love,Shubh,Lit Everyday,Favorite Songs,Favorite,TCAGC2217286
Fine By Me,Andy Grammer,Andy Grammer,Favorite Songs,Favorite,USZXT1108633
Payphone,Maroon 5,Overexposed,Favorite Songs,Favorite,USUM71203347
Coastline,Hollow Coves,Wanderlust,Favorite Songs,Favorite,AUGSG1600007
Everything Trying,Damien Jurado,Caught In The Trees,Favorite Songs,Favorite,US38W0817509
Often - Kygo Remix,The Weeknd,Often (Kygo Remix),Favorite Songs,Favorite,USUG11500524
Often (Kygo Remix) - Slowed,Lethargic Sounds,Often (Kygo Remix),Favorite Songs,Favorite,PLH492287246
Khwahish,Tanzeel Khan,Dastaan,Favorite Songs,Favorite,FRX762175057
death bed (coffee for your head),Powfu,death bed (coffee for your head),Favorite Songs,Favorite,USSM12000925
Dil Mera Muft Ka,Pritam,Agent Vinod,Favorite Songs,Favorite,INS181200519
Glimpse of Us,Joji,Glimpse of Us,Favorite Songs,Favorite,USWB12201789
SLOW DANCING IN THE DARK,Joji,BALLADS 1,Favorite Songs,Favorite,ZZOPM1800452
Kangana Tera Nee - Slowed and Reverb,Pradabae,Kangana Tera Nee (Slowed and Reverb),Favorite Songs,Favorite,UK6822204662
Beneath the Surface,Demons Of Ruby Mae,Demons of Ruby Mae,Favorite Songs,Favorite,FR10S1805677
Aisay Kaisay,Hasan Raheem,Aisay Kaisay,Favorite Songs,Favorite,QZFYY2036611
Baller,Shubh,Baller,Favorite Songs,Favorite,QMBZ92275950
Jo Tu Na Mila,Asim Azhar,Jo Tu Na Mila,Favorite Songs,Favorite,INUM71800036
,,,Favorite Songs,Favorite,
Jiyein Kyun,Pritam,Dum Maaro Dum,Favorite Songs,Favorite,INS181100868
Homage,Mild High Club,Skiptracing,Favorite Songs,Favorite,US2S71673002
TERE TE,AP Dhillon,HIDDEN GEMS,Favorite Songs,Favorite,TCAFX2133364
Iraaday,Rovalio,Iraaday,Favorite Songs,Favorite,QZES62251642
O Humdum Suniyo Re,A.R. Rahman,Saathiya,Favorite Songs,Favorite,INY090200019
Past Lives,BØRNS,Dopamine,Favorite Songs,Favorite,USUM71512366
Zara Zara,Bombay Jayashri,Rehnaa Hai Terre Dil Mein,Favorite Songs,Favorite,INH100152390
Escapism.,RAYE,Escapism. / The Thrill Is Gone.,Favorite Songs,Favorite,QMDA62217995
my ordinary life (slowed + reverb) - Slowed,чачкалица,my ordinary life (slowed + reverb) - Slowed,Favorite Songs,Favorite,QZQGC2200362
My Ordinary Life,The Living Tombstone,My Ordinary Life,Favorite Songs,Favorite,QZANL1777908
My Ordinary,X4NN3X,My Ordinary,Favorite Songs,Favorite,AUBEC2174562
Revenge,XXXTENTACION,17,Favorite Songs,Favorite,USUYG1156895
Collide (Solo Version),Justine Skye,Dark Side,Favorite Songs,Favorite,QM24S2300477
Darling,D-Block Europe,PTSD,Favorite Songs,Favorite,GB2DY1900476
Collide - Sped Up,VENOMOUS,Collide (Sped Up),Favorite Songs,Favorite,QZEZZ2100767
Why not?...(sped up)...unforgettable,SpedUpGuy,Why not?...(sped up)...unforgettable,Favorite Songs,Favorite,QZDA62263207
Unforgettable (Tik Tok Edit) - Remix,EDITKINGS,Unforgettable (Tik Tok Edit),Favorite Songs,Favorite,ARIXB2204994
Kangana Tera Ni - sped up,IAMPRATHEEK,Kangana Tera Ni (sped up),Favorite Songs,Favorite,DEP551973633
Moonlight,XXXTENTACION,?,Favorite Songs,Favorite,USUG11800209
Unforgettable,French Montana,Jungle Rules,Favorite Songs,Favorite,USSM11703478
Money Trees,Kendrick Lamar,"good kid, m.A.A.d city",Favorite Songs,Favorite,USUM71210785
Cola,Lana Del Rey,Born To Die - The Paradise Edition,Favorite Songs,Favorite,GBUM71205883
Daylight,David Kushner,Daylight,Favorite Songs,Favorite,QZXDB2300005
Summertime Sadness,Lana Del Rey,Born To Die - The Paradise Edition,Favorite Songs,Favorite,GBUM71111565
The Night We Met,Lord Huron,Strange Trails,Favorite Songs,Favorite,US53Q1200103
"Calling (Spider-Man: Across the Spider-Verse) (Metro Boomin & Swae Lee, NAV, feat. A Boogie Wit da Hoodie)",Metro Boomin,METRO BOOMIN PRESENTS SPIDER-MAN: ACROSS THE SPIDER-VERSE (SOUNDTRACK FROM AND INSPIRED BY THE MOTION PICTURE),Favorite Songs,Favorite,USUM72308543
Skinny Love,Bon Iver,"For Emma, Forever Ago",Favorite Songs,Favorite,US38Y0811503
exile (feat. Bon Iver),Taylor Swift,folklore,Favorite Songs,Favorite,USUG12002838
Flume,Bon Iver,"For Emma, Forever Ago",Favorite Songs,Favorite,US38Y0811501
Re: Stacks,Bon Iver,"For Emma, Forever Ago",Favorite Songs,Favorite,US38Y0811509
Somebody Else,The 1975,"I like it when you sleep, for you are so beautiful yet so unaware of it",Favorite Songs,Favorite,GBK3W1500426
dog cuddles,dad sports,dog cuddles,Favorite Songs,Favorite,QZES91951991
"Slow Motion (From ""Bharat"")",Shreya Ghoshal,"Slow Motion (From ""Bharat"")",Favorite Songs,Favorite,INS181900934
"Psycho Saiyaan (From ""Saaho"")",Sachet Tandon,"Psycho Saiyaan (From ""Saaho"")",Favorite Songs,Favorite,INS181904011
Saree Ke Fall Sa,Nakash Aziz,R...Rajkumar (Original Motion Picture Soundtrack),Favorite Songs,Favorite,GBSGZ1300125
Anchor,Novo Amor,Bathing Beach,Favorite Songs,Favorite,TCACI1562836
State Lines,Novo Amor,Birthplace,Favorite Songs,Favorite,GB45A1800990
Be My Mistake,The 1975,A Brief Inquiry Into Online Relationships,Favorite Songs,Favorite,GBK3W1800833
Electric Love,BØRNS,Dopamine,Favorite Songs,Favorite,USUM71416307
Love Me Again,John Newman,Tribute,Favorite Songs,Favorite,GBUM71301538
Say Yes To Heaven,Lana Del Rey,Say Yes To Heaven,Favorite Songs,Favorite,GBUM72304301
Hass Hass,Diljit Dosanjh,Hass Hass,Favorite Songs,Favorite,INW262318603
Funk Song,Kidjaywest,Funk Song,Favorite Songs,Favorite,QZNWY2094771
Fire,Beth Ditto,Fake Sugar,Favorite Songs,Favorite,USUG11700401
All of the Stars,Hayd,All of the Stars,Favorite Songs,Favorite,QZFZ72433759
Rivers and Roads,The Head And The Heart,The Head And The Heart,Favorite Songs,Favorite,GBUM71101813
